Livro Lido,Motivo do Gostar,Livros Recomendados
"""Eu, Robô"" de Isaac Asimov",Exploração ética e filosófica da inteligência artificial,"""Fundação"" de Isaac Asimov, ""Neuromancer"" de William Gibson"
"""O Caçador de Pipas"" de Khaled Hosseini",História emocionante sobre amizade e redenção,"""Mil Sóis Resplandecentes"" de Khaled Hosseini, ""A Cidade do Sol"" de Khaled Hosseini"
"""O Aleph"" de Jorge Luis Borges","Narrativas curtas com elementos de filosofia, metafísica e realismo mágico","""Ficciones"" de Jorge Luis Borges, ""Cem Anos de Solidão"" de Gabriel García Márquez"
"""A Cidade e as Serras"" de Eça de Queirós",Reflexão sobre a modernidade e o retorno à simplicidade,"""Os Maias"" de Eça de Queirós, ""Dom Casmurro"" de Machado de Assis"
"""A Arte da Guerra"" de Sun Tzu",Estratégias militares e táticas aplicáveis na vida e nos negócios,"""O Príncipe"" de Nicolau Maquiavel, ""Os 33 Estratagemas"" de Robert Greene"
"""O Oceano no Fim do Caminho"" de Neil Gaiman",Narrativa mágica e reflexiva sobre memória e infância,"""Coraline"" de Neil Gaiman, ""A Menina Submersa"" de Caitlín R. Kiernan"
"""Beloved"" de Toni Morrison",Narrativa poderosa sobre a escravidão e a busca por identidade,"""A Cor Púrpura"" de Alice Walker, ""Canção de Salomão"" de Toni Morrison"
"""O Despertar"" de Kate Chopin",Exploração da busca de identidade e liberdade de uma mulher,"""Madame Bovary"" de Gustave Flaubert, ""Jane Eyre"" de Charlotte Brontë"
"""O Padrinho"" de Mario Puzo",Narrativa envolvente sobre a máfia e a lealdade familiar,"""O Poderoso Chefão"" de Mario Puzo, ""Os Bons Companheiros"" de Nicholas Pileggi"
"""Misto-Quente"" de Charles Bukowski",Narrativa crua e visceral sobre a vida e a sobrevivência,"""Mulheres"" de Charles Bukowski, ""Pergunte ao Pó"" de John Fante"
"""A Invenção de Hugo Cabret"" de Brian Selznick",História mágica sobre um órfão vivendo em uma estação de trem,"""O Mistério da Estrela"" de Neil Gaiman, ""O Jardim Secreto"" de Frances Hodgson Burnett"
"""A Redoma de Vidro"" de Sylvia Plath",Reflexão sobre a saúde mental e a busca por identidade,"""O Morro dos Ventos Uivantes"" de Emily Brontë, ""O Diário de Anne Frank"" de Anne Frank"
"""Laranja Mecânica"" de Anthony Burgess",Exploração da violência e da liberdade individual em uma sociedade futura,"""1984"" de George Orwell, ""Admirável Mundo Novo"" de Aldous Huxley"
"""A Canção de Aquiles"" de Madeline Miller",Recontagem épica e emocional da lenda de Aquiles e Pátroclo,"""Circe"" de Madeline Miller, ""Odisseia"" de Homero"
"""A Bailarina de Auschwitz"" de Edith Eger",História real e inspiradora de superação e resiliência,"""O Diário de Anne Frank"" de Anne Frank, ""A Bibliotecária de Auschwitz"" de Antonio Iturbe"
"""O Pintassilgo"" de Donna Tartt",Romance contemporâneo com uma trama intricada e personagens profundos,"""A História Secreta"" de Donna Tartt, ""Pequenos Incêndios por Toda Parte"" de Celeste Ng"
"""A Trégua"" de Mario Benedetti",Reflexão sobre a solidão e a busca por significado na vida,"""O Amor nos Tempos do Cólera"" de Gabriel García Márquez, ""A Insustentável Leveza do Ser"" de Milan Kundera"
"""Mataram a Cotovia"" de Harper Lee",Narrativa poderosa sobre justiça social e racial,"""O Sol é para Todos"" de Harper Lee, ""A Cor Púrpura"" de Alice Walker"
"""O Mundo de Sofia"" de Jostein Gaarder",Introdução à filosofia através de uma narrativa envolvente,"""A História Sem Fim"" de Michael Ende, ""1984"" de George Orwell"
"""O Jogo do Exterminador"" de Orson Scott Card",Ficção científica com profundidade psicológica e estratégica,"""Duna"" de Frank Herbert, ""Fundação"" de Isaac Asimov"
"""O Assassinato no Expresso do Oriente"" de Agatha Christie",Mistério clássico com reviravoltas surpreendentes,"""O Caso dos Dez Negrinhos"" de Agatha Christie, ""Sherlock Holmes"" de Arthur Conan Doyle"
"""A Sombra do Vento"" de Carlos Ruiz Zafón",Mistério literário com atmosfera gótica,"""O Jogo do Anjo"" de Carlos Ruiz Zafón, ""O Nome da Rosa"" de Umberto Eco"
"""As Crônicas de Nárnia"" de C.S. Lewis",Mundo de fantasia encantador e aventuras épicas,"""O Hobbit"" de J.R.R. Tolkien, ""Harry Potter e a Pedra Filosofal"" de J.K. Rowling"
"""A Menina que Brincava com Fogo"" de Stieg Larsson",Thriller envolvente com personagens complexos,"""O Homem que Odiava as Mulheres"" de Stieg Larsson, ""O Símbolo Perdido"" de Dan Brown"
"""Coração das Trevas"" de Joseph Conrad",Exploração psicológica e crítica ao colonialismo,"""O Senhor das Moscas"" de William Golding, ""No Coração do Mar"" de Nathaniel Philbrick"
"""Os Três Mosqueteiros"" de Alexandre Dumas",Aventura histórica e camaradagem,"""O Conde de Monte Cristo"" de Alexandre Dumas, ""Ivanhoé"" de Walter Scott"
"""Anna Kariênina"" de Liev Tolstói",Drama social e análise psicológica dos personagens,"""Guerra e Paz"" de Liev Tolstói, ""Madame Bovary"" de Gustave Flaubert"
"""A Roda do Tempo"" de Robert Jordan",Fantasia épica com um mundo vasto e personagens cativantes,"""A Canção do Sangue"" de Anthony Ryan, ""Mistborn: O Império Final"" de Brandon Sanderson"
"""A Culpa é das Estrelas"" de John Green",História emocional e tocante sobre jovens enfrentando doenças graves,"""Como Eu Era Antes de Você"" de Jojo Moyes, ""Se Eu Ficar"" de Gayle Forman"
"""Sapiens: Uma Breve História da Humanidade"" de Yuval Noah Harari",Fascinação pela história e evolução da humanidade,"""Homo Deus"" de Yuval Noah Harari, ""Armas, Germes e Aço"" de Jared Diamond"
"""Harry Potter e a Pedra Filosofal"" de J.K. Rowling",Mundo mágico encantador e desenvolvimento de personagens jovens,"""Percy Jackson e os Olimpianos: O Ladrão de Raios"" de Rick Riordan, ""A Bússola de Ouro"" de Philip Pullman"
"""A Cabana"" de William P. Young",Mensagem espiritual e de cura emocional,"""A Travessia"" de William P. Young, ""O Alquimista"" de Paulo Coelho"
"""O Hobbit"" de J.R.R. Tolkien",Aventura de fantasia encantadora e a jornada de crescimento do personagem,"""As Crônicas de Nárnia"" de C.S. Lewis, ""Harry Potter e a Pedra Filosofal"" de J.K. Rowling"
"""Os Miseráveis"" de Victor Hugo",Profunda exploração da justiça social e redenção,"""O Conde de Monte Cristo"" de Alexandre Dumas, ""A Letra Escarlate"" de Nathaniel Hawthorne"
"""Morte Súbita"" de J.K. Rowling",Drama social com personagens complexos e temas contemporâneos,"""Um Lugar Chamado Liberdade"" de Ken Follett, ""Pequenas Grandes Mentiras"" de Liane Moriarty"
"""O Homem Invisível"" de H.G. Wells",Exploração das consequências da ciência e do isolamento,"""A Ilha do Dr. Moreau"" de Wells, ""Frankenstein"" de Mary Shelley"
"""A Casa dos Espíritos"" de Isabel Allende",Realismo mágico com uma saga familiar envolvente,"""Cem Anos de Solidão"" de Márquez, ""Como Água para Chocolate"" de Esquivel"
"""O Jogo do Anjo"" de Carlos Ruiz Zafón",Mistério literário e narrativa envolvente,"""A Sombra do Vento"" de Zafón, ""O Prisioneiro do Céu"" de Zafón"
"""O Diário de Anne Frank"" de Anne Frank",Testemunho poderoso sobre a Segunda Guerra Mundial e a resistência,"""Se Isto É um Homem"" de Primo Levi, ""A Lista de Schindler"" de Keneally"
"""A Estrada"" de Cormac McCarthy",Narrativa pós-apocalíptica sobre sobrevivência e amor paternal,"""O Filho de Deus"" de McCarthy, ""Este País Não É para Velhos"" de McCarthy"
"""O Leopardo"" de Giuseppe Tomasi di Lampedusa",Saga histórica sobre a aristocracia siciliana no século XIX,"""Os Noivos"" de Manzoni, ""Guerra e Paz"" de Tolstói"
"""O Apanhador no Campo de Centeio"" de J.D. Salinger",Narrativa envolvente sobre a adolescência e alienação,"""O Grande Gatsby"" de F. Scott Fitzgerald, ""As Vantagens de Ser Invisível"" de Stephen Chbosky"
"""O Grande Gatsby"" de F. Scott Fitzgerald",Reflexão sobre o sonho americano e a decadência moral,"""O Apanhador no Campo de Centeio"" de J.D. Salinger, ""A Era da Inocência"" de Edith Wharton"
"""O Senhor das Moscas"" de William Golding",Reflexão sobre a natureza humana e a sociedade,"""O Apanhador no Campo de Centeio"" de J.D. Salinger, ""1984"" de George Orwell"
"""Frankenstein"" de Mary Shelley",Exploração das consequências da ambição e da criação,"""Drácula"" de Bram Stoker, ""O Médico e o Monstro"" de Robert Louis Stevenson"
"""O Clube da Luta"" de Chuck Palahniuk",Narrativa provocativa sobre a identidade e a violência,"""Sobrevivente"" de Palahniuk, ""Estrada da Noite"" de Joe Hill"
"""Neuromancer"" de William Gibson",Exploração inovadora do ciberespaço e da tecnologia futura,"""Snow Crash"" de Neal Stephenson, ""Blade Runner"" de Philip K. Dick"
"""Duna"" de Frank Herbert",Mundo vasto e complexo de ficção científica,"""Fundação"" de Isaac Asimov, ""Neuromancer"" de William Gibson"
"""O Iluminado"" de Stephen King",Suspense psicológico e elementos de horror sobrenatural,"""It: A Coisa"" de Stephen King, ""A Assombração da Casa da Colina"" de Shirley Jackson"
"""A Revolução dos Bichos"" de George Orwell",Alegoria política crítica e sátira da sociedade,"""1984"" de George Orwell, ""Laranja Mecânica"" de Anthony Burgess"
"""Cemitérios de Dragões"" de Raphael Draccon",Aventura emocionante com elementos de fantasia e personagens cativantes,"""Dragões de Éter"" de Raphael Draccon, ""A Lenda dos Guardiões"" de Kathryn Lasky"
"""Fahrenheit 451"" de Ray Bradbury",Crítica à censura e à sociedade distópica,"""1984"" de George Orwell, ""Admirável Mundo Novo"" de Aldous Huxley"
"""O Pequeno Príncipe"" de Antoine de Saint-Exupéry",História tocante e filosófica sobre a inocência e a importância das pequenas coisas,"""Fernão Capelo Gaivota"" de Richard Bach, ""A Menina e o Porquinho"" de E.B. White"
"""O Nome da Rosa"" de Umberto Eco",Mistério intelectual ambientado em uma abadia medieval,"""O Pêndulo de Foucault"" de Umberto Eco, ""Os Pilares da Terra"" de Ken Follett"
"""O Silmarillion"" de J.R.R. Tolkien",Mitologia profunda e rica do universo de Tolkien,"""O Hobbit"" de J.R.R. Tolkien, ""As Crônicas de Nárnia"" de C.S. Lewis"
"""A Metamorfose"" de Franz Kafka",Abordagem única da alienação e transformação pessoal,"""O Processo"" de Franz Kafka, ""O Estrangeiro"" de Albert Camus"
"""A Guerra dos Tronos"" de George R.R. Martin","Enredo complexo, personagens bem desenvolvidos e intrigas políticas","""O Nome do Vento"" de Patrick Rothfuss, ""Mistborn: O Império Final"" de Brandon Sanderson"
"""Crime e Castigo"" de Fiódor Dostoiévski",Análise psicológica profunda dos personagens e questões morais complexas,"""Os Irmãos Karamazov"" de Fiódor Dostoiévski, ""O Idiota"" de Fiódor Dostoiévski"
"""O Guia do Mochileiro das Galáxias"" de Douglas Adams",Humor irreverente e ficção científica criativa,"""O Restaurante no Fim do Universo"" de Douglas Adams, ""Boa Noite"" de Terry Pratchett"
"""O Conde de Monte Cristo"" de Alexandre Dumas",História de vingança e redenção,"""Os Três Mosqueteiros"" de Alexandre Dumas, ""Os Miseráveis"" de Victor Hugo"
"""O Retrato de Dorian Gray"" de Oscar Wilde",Reflexão profunda sobre a moralidade e a busca pela beleza eterna,"""O Grande Gatsby"" de F. Scott Fitzgerald, ""Mefisto"" de Klaus Mann"
"""Os Irmãos Karamazov"" de Fiódor Dostoiévski",Questões filosóficas e psicológicas profundas,"""Crime e Castigo"" de Fiódor Dostoiévski, ""O Idiota"" de Fiódor Dostoiévski"
"""O Poder do Hábito"" de Charles Duhigg",Insights sobre a formação e transformação dos hábitos,"""Rápido e Devagar: Duas Formas de Pensar"" de Daniel Kahneman, ""Gatilhos"" de Marshall Goldsmith"
"""A Vida Secreta das Abelhas"" de Sue Monk Kidd",História emocional sobre o crescimento e a busca por identidade,"""Comer, Rezar, Amar"" de Elizabeth Gilbert, ""A Cor Púrpura"" de Alice Walker"
"""E o Vento Levou"" de Margaret Mitchell",Romance épico e dramático ambientado na Guerra Civil Americana,"""Norte e Sul"" de Elizabeth Gaskell, ""A Letra Escarlate"" de Nathaniel Hawthorne"
"""Cem Anos de Solidão"" de Gabriel García Márquez",Realismo mágico e narrativa épica familiar,"""O Amor nos Tempos do Cólera"" de Gabriel García Márquez, ""Pedro Páramo"" de Juan Rulfo"
"""O Sol é para Todos"" de Harper Lee",Narrativa poderosa sobre justiça social e racial,"""A Cor Púrpura"" de Alice Walker, ""Os Pássaros Feridos"" de Colleen McCullough"
"""O Velho e o Mar"" de Ernest Hemingway",História de perseverança e luta do homem contra a natureza,"""Moby Dick"" de Herman Melville, ""As Aventuras de Robinson Crusoé"" de Daniel Defoe"
"""A Divina Comédia"" de Dante Alighieri","Jornada épica através do inferno, purgatório e paraíso","""Paraíso Perdido"" de John Milton, ""A Eneida"" de Virgílio"
"""Memórias Póstumas de Brás Cubas"" de Machado de Assis",Narrativa inovadora e crítica social afiada,"""Dom Casmurro"" de Machado de Assis, ""O Primo Basílio"" de Eça de Queirós"
"""1984"" de George Orwell",Crítica distópica à sociedade e vigilância,"""Admirável Mundo Novo"" de Aldous Huxley, ""Fahrenheit 451"" de Ray Bradbury"
"""Jane Eyre"" de Charlotte Brontë",Romance gótico com personagens fortes e independentes,"""O Morro dos Ventos Uivantes"" de Emily Brontë, ""Rebecca"" de Daphne du Maurier"
"""Drácula"" de Bram Stoker",Clássico do terror gótico com atmosfera sombria e personagens icônicos,"""Frankenstein"" de Mary Shelley, ""O Médico e o Monstro"" de Robert Louis Stevenson"
"""O Menino Maluquinho"" de Ziraldo",História divertida e nostálgica sobre a infância,"""A Bolsa Amarela"" de Lygia Bojunga, ""Flicts"" de Ziraldo"
"""O Alquimista"" de Paulo Coelho",Mensagem inspiradora sobre a busca dos sonhos e a jornada pessoal,"""Brida"" de Paulo Coelho, ""Sidarta"" de Hermann Hesse"
"""Dom Quixote"" de Miguel de Cervantes",Aventuras cômicas e filosóficas de um cavaleiro errante,"""As Aventuras de Huckleberry Finn"" de Mark Twain, ""Gargântua e Pantagruel"" de François Rabelais"
"""Orgulho e Preconceito"" de Jane Austen","Romance cativante, personagens fortes e crítica social da época","""Razão e Sensibilidade"" de Jane Austen, ""Jane Eyre"" de Charlotte Brontë"
"""O Senhor dos Anéis"" de J.R.R. Tolkien",Fascinação pelo mundo de fantasia detalhado e a jornada épica dos personagens,"""O Hobbit"" de J.R.R. Tolkien, ""As Crônicas de Nárnia"" de C.S. Lewis"
"""Moby Dick"" de Herman Melville",Aventura marítima épica e profunda exploração das obsessões humanas,"""O Velho e o Mar"" de Ernest Hemingway, ""Robinson Crusoé"" de Daniel Defoe"
"""A Menina que Roubava Livros"" de Markus Zusak",Narrativa tocante sobre a vida durante a Segunda Guerra Mundial e o poder das palavras,"""O Diário de Anne Frank"" de Anne Frank, ""O Menino do Pijama Listrado"" de John Boyne"
"""O Código Da Vinci"" de Dan Brown",Thriller intrigante com elementos históricos e quebra-cabeças inteligentes,"""Anjos e Demônios"" de Dan Brown, ""O Símbolo Perdido"" de Dan Brown"
"""O Nome do Vento"" de Patrick Rothfuss",Fantasia épica com um protagonista cativante,"""A Crônica do Matador do Rei"" de Patrick Rothfuss, ""Mistborn: O Império Final"" de Brandon Sanderson"
"""Admirável Mundo Novo"" de Aldous Huxley",Distopia futurista e crítica social profunda,"""1984"" de George Orwell, ""Fahrenheit 451"" de Ray Bradbury"
"""O Processo"" de Franz Kafka",Exploração da burocracia e alienação moderna,"""A Metamorfose"" de Kafka, ""O Castelo"" de Kafka"
"""O Som e a Fúria"" de William Faulkner",Narrativa inovadora com múltiplas perspectivas e análise psicológica profunda,"""Luz em Agosto"" de Faulkner, ""Mrs. Dalloway"" de Virginia Woolf"
"""Lolita"" de Vladimir Nabokov",Narrativa provocativa e complexa sobre obsessão e moralidade,"""Pnin"" de Nabokov, ""Fogo Pálido"" de Nabokov"
"""Solaris"" de Stanisław Lem",Exploração psicológica e filosófica de um planeta alienígena,"""Cápsulas do Tempo"" de Lem, ""A Voz do Mestre"" de Lem"
"""O Planeta dos Macacos"" de Pierre Boulle",Exploração satírica e crítica da humanidade através de uma sociedade símia,"""Eu, Robô"" de Asimov, ""Admirável Mundo Novo"" de Huxley"
"""As Aventuras de Huckleberry Finn"" de Mark Twain",Narrativa de aventura e crítica social,"""As Aventuras de Tom Sawyer"" de Twain, ""Moby Dick"" de Melville"
"""O Morro dos Ventos Uivantes"" de Emily Brontë",Romance gótico com personagens complexos e paixão intensa,"""Jane Eyre"" de Charlotte Brontë, ""Rebecca"" de du Maurier"
"""Ulisses"" de James Joyce",Narrativa inovadora e complexa sobre um dia na vida de um homem comum,"""Finnegans Wake"" de Joyce, ""Retrato do Artista Quando Jovem"" de Joyce"
"""A Laranja Mecânica"" de Anthony Burgess",Reflexão sobre a violência e a liberdade individual,"""1984"" de George Orwell, ""Laranja Mecânica"" de Burgess"
"""O Estrangeiro"" de Albert Camus",Exploração do absurdo e da alienação humana,"""A Peste"" de Camus, ""A Queda"" de Camus"
"""O Lobo da Estepe"" de Hermann Hesse",Jornada introspectiva e exploração do dualismo humano,"""Sidarta"" de Hesse, ""Demian"" de Hesse"
"""A Tormenta de Espadas"" de George R.R. Martin","Enredo complexo, personagens bem desenvolvidos e intrigas políticas","""O Festim dos Corvos"" de Martin, ""O Cavaleiro dos Sete Reinos"" de Martin"
"""O Enigma de Andrômeda"" de Michael Crichton",Thriller científico e exploração das ameaças biológicas,"""Parque dos Dinossauros"" de Crichton, ""O Mundo Perdido"" de Crichton"
"""Os Homens que Não Amavam as Mulheres"" de Stieg Larsson",Thriller envolvente com personagens complexos,"""A Menina que Brincava com Fogo"" de Larsson, ""A Rainha do Castelo de Ar"" de Larsson"
"""A Cidade e as Estrelas"" de Arthur C. Clarke",Ficção científica com conceitos avançados de sociedade e tecnologia,"""2001: Uma Odisseia no Espaço"" de Clarke, ""Rendezvous com Rama"" de Clarke"
"""A Máquina do Tempo"" de H.G. Wells",Viagem no tempo e exploração das consequências da evolução humana,"""O Homem Invisível"" de Wells, ""A Guerra dos Mundos"" de Wells"
"""A Montanha Mágica"" de Thomas Mann",Narrativa densa e reflexiva sobre a condição humana,"""Morte em Veneza"" de Thomas Mann, ""Em Busca do Tempo Perdido"" de Proust"
"""Um Conto de Duas Cidades"" de Charles Dickens",Retrato da Revolução Francesa e suas implicações sociais,"""Oliver Twist"" de Charles Dickens, ""Os Miseráveis"" de Victor Hugo"